row,corr_peak,lag_ms,cfo_hz,snr_snip_dB,corr_before,corr_after_derot
814,0.00570235146258597,2.68847742597348,-20397.5070876991,0.391770278584448,0.00107095795425807,0.00784915586882635
815,0.00562448515127972,2.25361225273664,-36823.9538852501,0.45704541983313,0.00771982768862586,0.00628065665840655
816,0.00590875330463756,-3.32162547851518,-68864.8738302843,NaN,NaN,NaN
817,0.00552924266002613,1.32124891705184,27058.3305725058,-0.398926983929109,0.00699162380924082,0.00211107309078337
818,0.00494955190960395,0.146260011913364,11411.8419216366,NaN,NaN,NaN
819,0.00517756553271279,-0.739913437397576,-34797.2468431619,NaN,NaN,NaN
820,0.00489521434863222,-6.41626917927366,60106.547106037,NaN,NaN,NaN
821,0.0048953649418084,-6.48889768985148,60118.0245174914,NaN,NaN,NaN
822,0.00541083276457162,-7.20564229695964,-167.919309241038,NaN,NaN,NaN
823,0.00491821910883815,-2.71203149361741,2678.75331787461,NaN,NaN,NaN
824,0.00482949626085553,-8.19906585414239,60108.8127247899,NaN,NaN,NaN
825,0.00528818961751378,-4.2737215067748,6473.00550084101,NaN,NaN,NaN
826,0.00538695379738223,-4.61949550551944,75702.8333869324,NaN,NaN,NaN
827,0.00539544970851444,-4.69212387314231,75707.1849412757,NaN,NaN,NaN
828,0.00457276862907559,-4.74101776988849,-9572.53317571471,NaN,NaN,NaN
829,0.00458050773035886,-4.81364649312603,-9373.97185501054,NaN,NaN,NaN
830,0.00484412338782058,-10.5734662501628,-14675.5817048367,NaN,NaN,NaN
831,0.00484123438996613,-10.6460949152945,-14665.586437182,NaN,NaN,NaN
832,0.00489549997493988,-5.96795355873132,-16254.5762146382,NaN,NaN,NaN
833,0.0048449868700601,-6.04058291377449,-16271.6034285699,NaN,NaN,NaN
834,0.00450861681838535,-8.07361745087453,-10301.4526346984,NaN,NaN,NaN
835,0.00450720758108554,-8.14624598070233,-10316.0677020037,NaN,NaN,NaN
836,0.00447987352862235,-8.74407929515228,-49065.8826672914,NaN,NaN,NaN
837,0.00496544211148095,-9.62211165814166,6479.35581579353,NaN,NaN,NaN
838,0.00441688703229299,-10.268542781831,-4336.36946474388,NaN,NaN,NaN
839,0.00439390605384459,-10.7142419588717,-4334.1949478921,NaN,NaN,NaN
840,0.00451768774494684,-5.92480218530021,70088.5663227149,NaN,NaN,NaN
841,0.00484668614328877,-8.38054362928982,-71568.3214377677,NaN,NaN,NaN
842,0.00444651700249971,-9.14340714960247,-75285.404440626,NaN,NaN,NaN
843,0.00444664072256509,-9.21603572597457,-75288.8960921871,NaN,NaN,NaN
844,0.00465332492851487,-10.017605957994,13497.5759688441,NaN,NaN,NaN
845,0.00465365219799725,-10.0902345358589,13499.0584714834,NaN,NaN,NaN
846,0.00438836913933908,-5.96037849790643,61755.2122792352,NaN,NaN,NaN
847,0.00471609876459425,-6.03300554039881,61744.722450956,NaN,NaN,NaN
848,0.00456728901386093,-7.63736510575084,-74355.6403888793,NaN,NaN,NaN
849,0.00457200090370517,-7.70999368283877,-74356.2854220815,NaN,NaN,NaN
850,0.00300366300449482,-5.8801247007868,-55974.6359114954,NaN,NaN,NaN
851,0.0029736626806541,-8.83847760200116,52460.7604593744,NaN,NaN,NaN
852,0.00311701961328401,-9.51208316068912,25645.5574283,NaN,NaN,NaN
853,0.00311802090207775,-9.58471165379038,25657.3750098647,NaN,NaN,NaN
854,0.00305151649088094,-10.2401517133779,-9486.2232412141,NaN,NaN,NaN
855,0.00306335492881122,-10.2603535385237,1780.51463587138,NaN,NaN,NaN
856,0.00310001186018762,-5.60672333770225,-1065.3537774746,NaN,NaN,NaN
857,0.00318499868536559,-5.67935612204414,-1055.80883052496,NaN,NaN,NaN
858,0.00317460918729884,-6.2590770318246,-51860.6471303937,NaN,NaN,NaN
859,0.00309529068097148,-6.54611048331569,-26934.2546657947,NaN,NaN,NaN
860,0.00318409578992551,-7.68726665647858,30827.0686437017,NaN,NaN,NaN
861,0.00318309554743917,-7.75989537116065,30810.8346477199,NaN,NaN,NaN
862,0.00310979632510072,-8.35542244295312,69064.1116577473,NaN,NaN,NaN
863,0.00311120968507154,-8.4280510147958,69065.2879355986,NaN,NaN,NaN
864,0.00307401272866634,-6.30776112645807,-5357.24085471864,NaN,NaN,NaN
865,0.00305057171781515,-7.34746365679327,-39073.56254286,NaN,NaN,NaN
866,0.0054187957621384,-5.91544033496419,-49647.2862955086,NaN,NaN,NaN
867,0.00538882059211199,-5.98806832616399,-49638.3881379191,NaN,NaN,NaN
868,0.0101489727322902,-7.70045436969855,311.986134052526,NaN,NaN,NaN
869,0.0101527567063181,-7.77308293733659,320.925845454718,NaN,NaN,NaN
870,0.0101683238473669,-8.59185273235174,304.66461740538,NaN,NaN,NaN
871,0.0101683349046619,-8.66448128597106,319.214823455156,NaN,NaN,NaN
872,0.0101460154026188,-9.48325105406463,314.42330850849,NaN,NaN,NaN
873,0.0101453828045491,-9.55587962592396,321.61214283331,NaN,NaN,NaN
874,0.0048007205376995,-9.46396425812019,57510.604710544,NaN,NaN,NaN
875,0.00526927164307258,-9.85057846805307,12078.3401006704,NaN,NaN,NaN
876,0.00518111787332666,-5.57045546933686,-25355.1410517454,NaN,NaN,NaN
877,0.00556473874117324,-5.82971247611232,-25046.5786098927,NaN,NaN,NaN
878,0.00711325203266005,-7.85717764035871,750,NaN,NaN,NaN
879,0.00509772809651652,-7.39592122435168,-41514.9089523337,NaN,NaN,NaN
880,0.00587053167478214,-8.24643546055036,-13794.5401120249,NaN,NaN,NaN
881,0.00564107273116763,-9.37427448700261,-25593.1015307791,NaN,NaN,NaN
882,0.00589611762480076,-9.85432166291836,-35410.8541305341,NaN,NaN,NaN
883,0.0058998610637796,-9.92695024028311,-35416.7935928385,NaN,NaN,NaN
884,0.00589949542443995,-9.99957883945499,-35409.6866728593,NaN,NaN,NaN
885,0.00706370776820461,-11.0084526451352,-1866.33873195166,NaN,NaN,NaN
886,0.00706188365178573,-11.0810811672337,-1878.52352897516,NaN,NaN,NaN
887,0.00706264012980254,-11.1537098401509,-1862.11507508695,NaN,NaN,NaN
888,0.00719117010820124,-5.51915981029194,-1866.32402567434,NaN,NaN,NaN
889,0.00732635405592368,-5.59178770158134,-1868.00142953801,NaN,NaN,NaN
890,0.00729374594906989,-5.66441719188659,-1863.76344612516,NaN,NaN,NaN
891,0.00721531150053004,-5.70901578545749,-1745.32764334811,NaN,NaN,NaN
892,0.00556247802533885,-5.57315763039802,-26595.9166677379,NaN,NaN,NaN
893,0.00575442575017075,-5.64578502846634,-26842.2495691244,NaN,NaN,NaN
894,0.00596016472386603,-5.71841396440913,-26816.5252484164,NaN,NaN,NaN
895,0.00598855688019449,-5.79104428438804,-26820.5956033579,NaN,NaN,NaN
896,0.00578113422310841,-5.86367359778272,-26815.0566157601,NaN,NaN,NaN
897,0.00601626937008636,-5.93630289029556,-26803.8671622955,NaN,NaN,NaN
898,0.00604043629802196,-6.00893069385509,-26615.3149779272,NaN,NaN,NaN
899,0.0058140120644583,-6.0815598823711,-26608.9545992445,NaN,NaN,NaN
900,0.0244469452573053,-5.5721653620367,11937.1495199588,NaN,NaN,NaN
901,0.0243696900178783,-5.64479401816803,11949.5564724026,NaN,NaN,NaN
902,0.0239930117251283,-5.71742544332107,14710.3631091289,NaN,NaN,NaN
903,0.0239786429579195,-5.7900537225352,14916.6311590952,NaN,NaN,NaN
904,0.0238083498945081,-5.86268271750068,15112.8425535248,NaN,NaN,NaN
905,0.0243774504390481,-5.93532976232354,42201.9354487613,NaN,NaN,NaN
906,0.0244147575135148,-6.00795843385133,42405.6278666953,NaN,NaN,NaN
907,0.024478166075734,-6.08058697376982,42195.7493244969,NaN,NaN,NaN
908,0.0242142123852904,-6.15321558358637,41987.6720160879,NaN,NaN,NaN
909,0.02444273492351,-6.2258439482661,42201.4722982472,NaN,NaN,NaN
910,0.0241042128074809,-6.29847239705877,42212.7328180563,NaN,NaN,NaN
911,0.0242282261457082,-6.37110241381895,45479.7544912213,NaN,NaN,NaN
912,0.0244175337681595,-6.4437317996078,45712.7412664517,NaN,NaN,NaN
913,0.024011010704816,-6.51635973497674,45670.6104350003,NaN,NaN,NaN
914,0.0220835942020728,-6.58895819376722,-5725.01428925034,NaN,NaN,NaN
915,0.0221584843475648,-6.66158612486686,-7717.08223182729,NaN,NaN,NaN
916,0.0220596178314764,-6.73421557897837,-4808.71306694717,NaN,NaN,NaN
917,0.0226647887217101,-6.80684804925663,1116.13888238744,NaN,NaN,NaN
918,0.0226651888264583,-6.87947663423639,1126.5864974127,NaN,NaN,NaN
919,0.0226650867826795,-6.95210522340963,1119.34382151675,NaN,NaN,NaN
920,0.0226644734868432,-7.0247338049972,1136.40874639981,NaN,NaN,NaN
921,0.0226650275170075,-7.09736239417678,1132.1036203134,NaN,NaN,NaN
922,0.0226650766830677,-7.16999098578342,1116.8217244625,NaN,NaN,NaN
923,0.0226654288066974,-7.2426195722532,1121.30562374656,NaN,NaN,NaN
924,0.0226544719608133,-7.31524815916775,1122.92383782691,NaN,NaN,NaN
925,0.022643003864408,-7.38787674763604,1117.18121149193,NaN,NaN,NaN
926,0.0211099967132732,-7.46049948012142,-11486.4434681206,NaN,NaN,NaN
927,0.0210990847158938,-7.53312808075099,-11491.6288687164,NaN,NaN,NaN
928,0.0210873153638202,-7.60575663356248,-11478.6648776236,NaN,NaN,NaN
929,0.0200361068740657,-7.88978002130727,-68692.5634631484,NaN,NaN,NaN
930,0.0200281473084488,-7.96240861123889,-68685.2236528265,NaN,NaN,NaN
931,0.0180992959410446,-7.82369198458024,76764.6369024181,NaN,NaN,NaN
932,0.0180903916471704,-7.8963205736077,76766.3283740577,NaN,NaN,NaN
933,0.0180823370787432,-7.96894916897081,76773.3268491742,NaN,NaN,NaN
934,0.022808075388797,-8.04153340754076,3006.38709459787,NaN,NaN,NaN
935,0.0227968750762451,-8.11416199499291,3006.19724931582,NaN,NaN,NaN
936,0.0227851605761415,-8.18679058248687,3006.0047293255,NaN,NaN,NaN
937,0.0180821539825525,-8.47072792970424,-33613.4499304765,NaN,NaN,NaN
938,0.0180735620281107,-8.54335651923385,-33606.6331584069,NaN,NaN,NaN
939,0.0180692789488202,-8.61598510285862,-33618.5334236681,NaN,NaN,NaN
940,0.0180712479322971,-8.68861369516184,-33603.1941891568,NaN,NaN,NaN
941,0.0180716494942297,-8.76124227866885,-33614.7181486051,NaN,NaN,NaN
942,0.0174768112835088,-8.83386787084417,-43472.406384341,NaN,NaN,NaN
943,0.0174768532596719,-8.90649646392693,-43476.5845714923,NaN,NaN,NaN
944,0.0174770122603833,-8.97912505728817,-43481.0521423476,NaN,NaN,NaN
945,0.0174763516955999,-9.05175365074008,-43485.5875541996,NaN,NaN,NaN
946,0.0174715451261257,-9.12438222524697,-43476.1462244606,NaN,NaN,NaN
947,0.0225282026427299,-8.98570371023351,-1632.787924671,NaN,NaN,NaN
948,0.0225177678685335,-9.05833229832626,-1633.93598977926,NaN,NaN,NaN
949,0.021751207553288,-9.13095751219355,-8867.86577584221,NaN,NaN,NaN
950,0.0217511610136552,-9.20358609927752,-8867.95328977219,NaN,NaN,NaN
951,0.0234255462774685,-9.27622109705481,9417.19895343678,NaN,NaN,NaN
952,0.018784942020294,-9.3488381393916,-23827.3659510823,NaN,NaN,NaN
953,0.0187873878010488,-9.42146676038,-23837.2775353795,NaN,NaN,NaN
954,0.0225059101515916,-9.49410381758346,-1627.22315666557,NaN,NaN,NaN
955,0.0225056235399715,-9.56673240894314,-1633.12031930135,NaN,NaN,NaN
956,0.0225058729703449,-9.63936099484374,-1631.10496169184,NaN,NaN,NaN
957,0.022887962780774,-9.71199487405919,6229.60185684381,NaN,NaN,NaN
958,0.0228880847564201,-9.7846234625493,6207.53486040781,NaN,NaN,NaN
959,0.0228881423156635,-9.85725205010623,6208.08009977632,NaN,NaN,NaN
960,0.0228875503365857,-9.92988063649431,6205.77840963811,NaN,NaN,NaN
961,0.0229021461673656,-10.002509225485,6223.06059648157,NaN,NaN,NaN
962,0.0229124655565771,-10.0751378126353,6210.79647940004,NaN,NaN,NaN
963,0.0229236241288377,-10.1477664005565,6219.68070383035,NaN,NaN,NaN
964,0.0225328487096544,-10.2203871732513,-4576.01073271311,NaN,NaN,NaN
965,0.0225430156184587,-10.2930157387313,-4588.66386597297,NaN,NaN,NaN
966,0.0225584143322538,-10.3656468716778,-1636.41869846876,NaN,NaN,NaN
967,0.022557088890343,-10.4382754605185,-1638.53276615011,NaN,NaN,NaN
968,0.0222906391099532,-10.5109040352169,-1619.8875597834,NaN,NaN,NaN
969,0.022301644297469,-10.5835326259069,-1625.22295485687,NaN,NaN,NaN
970,0.0223117984520353,-10.6561612113556,-1622.33174395467,NaN,NaN,NaN
971,0.0223211422318601,-10.7287898089161,-1637.37482182124,NaN,NaN,NaN
972,0.022311167545487,-10.8014183699864,-1584.70482767238,NaN,NaN,NaN
973,0.022339036835212,-10.8740469650906,-1607.39570533364,NaN,NaN,NaN
974,0.0223456408081186,-10.946675548837,-1598.93900762702,NaN,NaN,NaN
975,0.022361403267799,-11.0193041398445,-1607.429601554,NaN,NaN,NaN
976,0.022366311666173,-11.0919327236203,-1599.05394444193,NaN,NaN,NaN
977,0.0238086985358858,-11.1645853776282,36888.1530668489,NaN,NaN,NaN
978,0.013855484497118,-5.53004436189017,40542.8331559365,NaN,NaN,NaN
979,0.00287245740918737,-6.68278999407092,39813.7138552028,NaN,NaN,NaN
980,0.0028689850107362,-5.97958645599901,42572.5845866001,NaN,NaN,NaN
981,0.00292479910652147,-6.3951453813829,39632.847320593,NaN,NaN,NaN
982,0.00288345199935094,-5.99507975082135,43616.1309697795,NaN,NaN,NaN
983,0.00305282229925373,-6.50060252384588,40597.303528787,NaN,NaN,NaN
984,0.00311617128720635,-6.57323160545214,40597.9002146136,NaN,NaN,NaN
985,0.00304093400950793,-6.64586236027337,40618.1547403678,NaN,NaN,NaN
986,0.00295474451372753,-6.06405266008607,40281.4346820338,NaN,NaN,NaN
987,0.0028585765207198,-7.0721921615446,41835.5214850255,NaN,NaN,NaN
988,0.00285845347659459,-7.14482091279261,41846.7607698026,NaN,NaN,NaN
989,0.00285776961531155,-7.21744958524164,41852.685179561,NaN,NaN,NaN
990,0.00285892906865875,-7.29007798650065,41839.8158814788,NaN,NaN,NaN
991,0.0028582724398555,-7.36270645744213,41831.9105669467,NaN,NaN,NaN
992,0.00285548550298492,-7.73481169268504,49147.0260368566,NaN,NaN,NaN
993,0.00285411721718409,-7.80744016596712,49159.0699239543,NaN,NaN,NaN
994,0.00287940480724618,-9.6685699779909,-16109.0216357171,NaN,NaN,NaN
995,0.00287515265708339,-7.57414653410952,-16348.3257226477,NaN,NaN,NaN
996,0.00295808773632093,-7.88181322257692,878.938546492737,NaN,NaN,NaN
997,0.00287805467270812,-7.71940370361683,-16345.6716324896,NaN,NaN,NaN
998,0.00310603296329146,-8.09238425905002,56260.3559748532,NaN,NaN,NaN
999,0.00310777135923297,-8.1650128387841,56261.1099604507,NaN,NaN,NaN
1000,0.00310930540841845,-8.23764142254881,56261.4619241498,NaN,NaN,NaN
1001,0.00311126071250584,-8.31026991292546,56271.2120360765,NaN,NaN,NaN
1002,0.0031110438382775,-8.38289859940052,56261.2283706572,NaN,NaN,NaN
1003,0.00311077022146255,-8.45552701293238,56279.1774659439,NaN,NaN,NaN
1004,0.00311150924492209,-8.5281556587367,56272.8810440492,NaN,NaN,NaN
1005,0.00311126391023174,-8.60078421841365,56275.8165654431,NaN,NaN,NaN
1006,0.00311155327095601,-8.67341289917305,56266.1082333145,NaN,NaN,NaN
1007,0.00348949155786542,-8.53712111629495,24822.2282740788,NaN,NaN,NaN
1008,0.00348897147929495,-8.60975004813042,24802.3992293192,NaN,NaN,NaN
1009,0.00349000792807685,-8.68237852535393,24808.6113056571,NaN,NaN,NaN
1010,0.00348883453419231,-8.75500683065223,24825.0936439651,NaN,NaN,NaN
1011,0.00348991307810721,-8.82763551136851,24819.523599442,NaN,NaN,NaN
1012,0.00349012950649057,-8.90026413080321,24817.6243832522,NaN,NaN,NaN
1013,0.00348918789081392,-8.97289296540587,24803.4590126362,NaN,NaN,NaN
1014,0.00348851911699138,-9.04552118923024,24824.5021070182,NaN,NaN,NaN
1015,0.00348794207260234,-9.11814996149979,24813.6071801826,NaN,NaN,NaN
1016,0.00348525136735358,-9.19077838832701,24823.0160906845,NaN,NaN,NaN
1017,0.00316060125594964,-9.61540592565403,-49556.7356614179,NaN,NaN,NaN
1018,0.00668774910333993,-6.95622897145381,60701.1383627664,NaN,NaN,NaN
1019,0.00667702570115599,-7.02885749633243,60710.7776394855,NaN,NaN,NaN
1020,0.0331392799667681,-7.99131784038676,-65907.0977934393,NaN,NaN,NaN
1021,0.028382621186509,-8.42172774732835,-11237.718862504,NaN,NaN,NaN
1022,0.0837098912026292,-10.1786271310946,0,NaN,NaN,NaN
1023,0.0837072502597687,-10.2512557184076,0,NaN,NaN,NaN
1024,0.0454212132503434,-11.1347690640466,36005.311022607,NaN,NaN,NaN
1025,0.0453785370181398,-5.50021886881599,36010.3970163867,NaN,NaN,NaN
1026,0.0298153649117183,-9.87522113886001,-24958.1719844675,NaN,NaN,NaN
1027,0.0280940625723458,-10.6936980753531,81266.6581415164,NaN,NaN,NaN
1028,0.00499189325963972,-9.99060280121184,48337.466069605,NaN,NaN,NaN
1029,0.0184173851309809,-5.67765577127271,-2366.28243755741,NaN,NaN,NaN
1030,0.0151895500642134,-6.49642250136919,-15077.3161066705,NaN,NaN,NaN
1031,0.0159751601912329,-6.56904876313454,-8623.02111525682,NaN,NaN,NaN
1032,0.0143583641027556,-7.57497352355957,-42376.828132662,NaN,NaN,NaN
1033,0.0182205319520789,-7.46045427763454,18163.0858840013,NaN,NaN,NaN
1034,0.0144124600917271,-8.46429120942153,-39370.5655632389,NaN,NaN,NaN
1035,0.0143979383671764,-8.53691978851261,-39371.7760309162,NaN,NaN,NaN
1036,0.0174359048845485,-9.17061703193954,-881.32448180337,NaN,NaN,NaN
1037,0.0162923610182327,-9.61740271687482,72887.4208465309,NaN,NaN,NaN
1038,0.017899972285677,-10.8081591992413,6476.6185964408,NaN,NaN,NaN
1039,0.00472115755027669,-7.1849615975666,-19191.5809742952,NaN,NaN,NaN
1040,0.00475149642724053,-8.37680183911999,-19201.8754066564,NaN,NaN,NaN
1041,0.00472637088315116,-8.8225009277204,-19210.2732522954,NaN,NaN,NaN
1042,0.00489757607460436,-7.75959013442504,28178.4783620831,NaN,NaN,NaN
1043,0.00460977387442589,-7.94299325977489,-77124.2902597431,NaN,NaN,NaN
1044,0.00483453236610938,-6.4218403265668,-31320.8030744898,NaN,NaN,NaN
1045,0.00423423008995514,-9.07395854520756,-34023.3681097972,NaN,NaN,NaN
1046,0.00481767511058275,-10.5344548920317,-43389.1121354785,NaN,NaN,NaN
1047,0.00481213668039619,-10.607083479194,-43388.1051055058,NaN,NaN,NaN
1048,0.00489001109225626,-5.71867501435858,-43507.0952878633,NaN,NaN,NaN
1049,0.00479105529610534,-5.79130382865948,-43520.9431427007,NaN,NaN,NaN
1050,0.00462013555795914,-7.94490803140647,-28481.8951055031,NaN,NaN,NaN
1051,0.00444778343783763,-8.84287537141538,-6836.00157682603,NaN,NaN,NaN
1052,0.00483486190579776,-9.75530686988755,48514.1599690396,NaN,NaN,NaN
1053,0.0048610779569386,-9.20563194300997,14364.2008307569,NaN,NaN,NaN
1054,0.00428127840030942,-7.74813612138736,-4155.90921331896,NaN,NaN,NaN
1055,0.00424109631007465,-10.7930925527566,64396.201193496,NaN,NaN,NaN
1056,0.0391400818423799,-5.81938506549005,3507.78495334183,NaN,NaN,NaN
1057,0.0391545566944202,-5.89201367895686,3511.94364157288,NaN,NaN,NaN
1058,0.0372280726860308,-6.71078371509711,-1894.55022199185,NaN,NaN,NaN
1059,0.0290646449412195,-6.78341891736251,44008.039238061,NaN,NaN,NaN
1060,0.0293047216346266,-7.60219955752922,-75372.1446194511,NaN,NaN,NaN
1061,0.0291240421411398,-7.67482812612712,-75370.4805702745,NaN,NaN,NaN
1062,0.0289039568245091,-8.49360824944707,-68334.5104533296,NaN,NaN,NaN
1063,0.0292550437000285,-8.56623849328513,-61932.0459126954,NaN,NaN,NaN
1064,0.0337496519037834,-9.38498307956564,34406.7854362969,NaN,NaN,NaN
1065,0.0337510942429858,-9.45761159976198,34422.281953626,NaN,NaN,NaN
1066,0.0381273842529768,-10.276376644476,2414.99597634253,NaN,NaN,NaN
1067,0.0369738110687636,-10.3490056518217,-2930.11791876638,NaN,NaN,NaN
1068,0.0318376148242851,-11.1677812469651,37954.260584937,NaN,NaN,NaN
1069,0.00805919650255764,-5.53322916227801,38179.0038433935,NaN,NaN,NaN
1070,0.00418700632002855,-7.07567336115843,-74643.0993470073,NaN,NaN,NaN
1071,0.00418704312251582,-7.14830194450009,-74644.1284201215,NaN,NaN,NaN
1072,0.0048124009589004,-6.45606178148314,-74198.4107293526,NaN,NaN,NaN
1073,0.0049804087752309,-6.3711981783057,-26390.1648171217,NaN,NaN,NaN
1074,0.00418554759175,-9.09829842337827,-16542.0289774049,NaN,NaN,NaN
1075,0.00418748318717147,-9.17092692336614,-16532.0708107693,NaN,NaN,NaN
1076,0.00418132419178647,-8.08136662480269,-26377.4005986088,NaN,NaN,NaN
1077,0.00418505617337729,-8.1539950885446,-26397.2685790318,NaN,NaN,NaN
1078,0.00471481374406067,-10.9700513769405,-21997.0906890034,NaN,NaN,NaN
1079,0.00489709065318599,-6.71392242231116,-23993.3678905708,NaN,NaN,NaN
1080,0.00462908477739005,-6.5148851331969,79762.9235245923,NaN,NaN,NaN
1081,0.00463542419703947,-6.58751227804814,79764.5249156191,NaN,NaN,NaN
1082,0.00412269062495444,-7.94447504348194,-38312.9331230992,NaN,NaN,NaN
1083,0.00411987785989997,-8.01710364475452,-38304.9871666582,NaN,NaN,NaN
1084,0.0048799278776322,-9.31548906213958,-23963.6968859157,NaN,NaN,NaN
1085,0.00477350340385279,-9.38811797625057,-23912.7355840389,NaN,NaN,NaN
1086,0.00425957782460829,-6.96677319977609,21985.4228714978,NaN,NaN,NaN
1087,0.00426066831745013,-7.03940182536747,21975.1695074953,NaN,NaN,NaN
1088,0.00439208801229586,-10.3376479570991,58404.4428692402,NaN,NaN,NaN
1089,0.00439500343963467,-10.410276627228,58395.0426834441,NaN,NaN,NaN
1090,0.00457770874683476,-5.76230437594739,20177.5264918302,NaN,NaN,NaN
1091,0.00437588181156394,-6.3014007004205,-67026.0412978951,NaN,NaN,NaN
1092,0.00425037414476429,-6.27941373384242,-4409.46753319778,NaN,NaN,NaN
1093,0.0044134646202989,-6.55085318029018,-3792.24702705645,NaN,NaN,NaN
1094,0.00461582949863383,-9.98285943865783,384.943897291667,NaN,NaN,NaN
1095,0.00461523361061986,-10.055488013813,381.647051278257,NaN,NaN,NaN
1096,0.00462054835378465,-10.8742577536185,376.796611248397,NaN,NaN,NaN
1097,0.00462113996775151,-10.9468863619675,382.520504733008,NaN,NaN,NaN
1098,0.00401122144908619,-9.90105219734745,3.58021126562994,NaN,NaN,NaN
1099,0.00400960596495623,-9.97368055857572,-9.25734101367993,NaN,NaN,NaN
1100,0.00450238194425323,-10.3226121675201,3962.36486962225,NaN,NaN,NaN
1101,0.00449839786707086,-10.3952401095842,3941.32482078016,NaN,NaN,NaN
1102,0.0152566500944027,-6.72506247535706,-1236.92921296172,NaN,NaN,NaN
1103,0.0152635449374837,-6.79769110781383,-1233.05463141407,NaN,NaN,NaN
1104,0.0156722355508342,-7.61284809878218,-226.2850866029,NaN,NaN,NaN
1105,0.01568934429422,-7.68547666977418,-229.87328211613,NaN,NaN,NaN
1106,0.0160537456321191,-8.50424550425697,-835.74278818052,NaN,NaN,NaN
1107,0.0160561847469115,-8.57687401159041,-817.47881393493,NaN,NaN,NaN
1108,0.0149022142722496,-9.40004712636235,-1492.62527421789,NaN,NaN,NaN
1109,0.0148633040226666,-9.4726756905205,-1500.07712543161,NaN,NaN,NaN
1110,0.0145690867721724,-10.2870407043482,2583.09572130537,NaN,NaN,NaN
1111,0.0145573665360888,-10.3596692080415,2601.71366403207,NaN,NaN,NaN
1112,0.0157011972743796,-11.178440458378,-817.667793504483,NaN,NaN,NaN
1113,0.0158707143532156,-5.54389070236506,-836.477338425499,NaN,NaN,NaN
1114,0.0133316793374692,-6.36706160623292,-5398.1962294725,NaN,NaN,NaN
1115,0.013289982708885,-6.43528768535749,-3510.12188504905,NaN,NaN,NaN
1116,0.00555170549413849,-8.86894402747668,-7716.57662616179,NaN,NaN,NaN
1117,0.00555190456596219,-8.94157276008749,-7700.79960543292,NaN,NaN,NaN
1118,0.00499140631736673,-5.8090642317394,67215.2416868429,NaN,NaN,NaN
1119,0.00526892428588852,-5.88326631827244,68778.1396505335,NaN,NaN,NaN
1120,0.00907490100494775,-6.69454243225023,-20711.992585476,NaN,NaN,NaN
1121,0.0090826690988121,-6.7671709847897,-20706.0190460465,NaN,NaN,NaN
1122,0.0103151738792579,-7.22702207209889,-10772.9193334238,NaN,NaN,NaN
1123,0.0103184687130631,-7.29965063970256,-10760.840327281,NaN,NaN,NaN
1124,0.0111741307295023,-8.10148430353821,-3368.40190527501,NaN,NaN,NaN
1125,0.0111732696202579,-8.17411293233782,-3377.84462516316,NaN,NaN,NaN
1126,0.00981433588540992,-8.95247411123833,-24686.6341926626,NaN,NaN,NaN
1127,0.00982178612222424,-9.0251027073813,-24693.7234678063,NaN,NaN,NaN
1128,0.00842002529686155,-9.87561777414187,-42261.4086501017,NaN,NaN,NaN
1129,0.00842015546902088,-9.9482466763477,-42283.8089853248,NaN,NaN,NaN
1130,0.00948143401979916,-10.6390012734797,44476.3957723868,NaN,NaN,NaN
1131,0.00948923319102082,-10.711629938927,44487.1557044267,NaN,NaN,NaN
1132,0.00764270332140167,-5.8973263845988,48814.3551421486,NaN,NaN,NaN
1133,0.00763070471286531,-5.96995578718282,49003.351241991,NaN,NaN,NaN
1134,0.00606816730647365,-10.2731572439251,1593.76285315198,NaN,NaN,NaN
1135,0.00606846167056278,-10.345785869444,1612.17285105188,NaN,NaN,NaN
1136,0.00558152472609919,-10.0722533009386,6293.25964491012,NaN,NaN,NaN
1137,0.00557778012383255,-10.1448817771784,6316.42483186395,NaN,NaN,NaN
1138,0.00483227806992476,-6.34167446170388,-8415.9247654736,NaN,NaN,NaN
1139,0.00486962975167385,-6.41430002210013,-8389.1023475331,NaN,NaN,NaN
1140,0.00387569037631027,-9.01769985544127,33332.4909002921,NaN,NaN,NaN
1141,0.00387311781189096,-9.09032839555116,33328.2147900229,NaN,NaN,NaN
1142,0.00400695035984119,-9.11462426279673,-75674.987189256,NaN,NaN,NaN
1143,0.00401092580778112,-9.18725285643223,-75671.1242792239,NaN,NaN,NaN
1144,0.00439903079990839,-11.1058174402857,-3366.25614198505,NaN,NaN,NaN
1145,0.0043877420755453,-11.1784460160827,-3371.03458414979,NaN,NaN,NaN
1146,0.00428345286643135,-6.31036730829613,4330.78670416017,NaN,NaN,NaN
1147,0.00413684497890523,-6.38299454067258,4325.90525332658,NaN,NaN,NaN
1148,0.00349490303694948,-10.6036052912094,6510.87499283571,NaN,NaN,NaN
1149,0.0034956484457043,-10.6762338506922,6505.65450898726,NaN,NaN,NaN
1150,0.00337803081221072,-7.55528913503204,9514.50458296536,NaN,NaN,NaN
1151,0.00337759947784108,-7.62791777040078,9522.54702740035,NaN,NaN,NaN
1152,0.00321282127853942,-9.80664346254524,-33456.3115900282,NaN,NaN,NaN
1153,0.00321280427493807,-9.8792720491112,-33455.2706333587,NaN,NaN,NaN
1154,0.00329515878631173,-8.47168539921435,-2764.48582790823,NaN,NaN,NaN
1155,0.00329524370923733,-8.54431395328342,-2756.83080533871,NaN,NaN,NaN
1156,0.0051672345429888,-7.40938023227539,-1844.31054607534,NaN,NaN,NaN
1157,0.00517004270226206,-7.48200882816479,-1845.39042621156,NaN,NaN,NaN
1158,0.0052655500170535,-7.36718013449713,-3446.16874678125,NaN,NaN,NaN
1159,0.00526699463835572,-7.43980886562705,-3441.205733401,NaN,NaN,NaN
1160,0.00452312133270087,-8.07954007786172,23282.2669693081,NaN,NaN,NaN
1161,0.00452274458152147,-8.15216866840922,23293.9879301857,NaN,NaN,NaN
1162,0.00404199277917342,-9.14001214910444,-34818.5498207883,NaN,NaN,NaN
1163,0.00404246005043632,-9.21264088178761,-34806.9028254873,NaN,NaN,NaN
1164,0.0052809602949719,-10.065498026543,-11832.8953698181,NaN,NaN,NaN
1165,0.00528179760983875,-10.1381264315679,-11850.9892662229,NaN,NaN,NaN
1166,0.00550313782262346,-6.16119716100533,2939.68610796898,NaN,NaN,NaN
1167,0.00550469080559554,-6.23382731209583,2724.60254735732,NaN,NaN,NaN
1168,0.00464036909741094,-6.1129505208245,1625,NaN,NaN,NaN
1169,0.00436928011461434,-6.18692572904302,-550,NaN,NaN,NaN
1170,0.00331904380756041,-8.69840555076535,-2628.9945777279,NaN,NaN,NaN
1171,0.00331730900730329,-8.77103414871824,-2635.19578380043,NaN,NaN,NaN
1172,0.0033093980851079,-9.96287449959767,-2639.95407243825,NaN,NaN,NaN
1173,0.00320123112307148,-5.9869788954477,-8179.0873955791,NaN,NaN,NaN
1174,0.00328251516568372,-6.45153735621815,-52070.5105804354,NaN,NaN,NaN
1175,0.00330879877053972,-5.62880130366254,-53512.8388290474,NaN,NaN,NaN
1176,0.00337261510821253,-5.76365451554355,-13132.6275622434,NaN,NaN,NaN
1177,0.00339503902982641,-5.8362822325753,-13117.0277408737,NaN,NaN,NaN
1178,0.00383727127631984,-6.31546556074493,-2889.36542019206,NaN,NaN,NaN
1179,0.003469021641584,-6.62787476760988,-2821.15653498137,NaN,NaN,NaN
1180,0.00312823291864244,-7.62508753887654,-2629.29993588265,NaN,NaN,NaN
1181,0.00316328806762784,-6.23308347559894,-3121.29135843441,NaN,NaN,NaN
1182,0.00320572841216567,-6.30571332304542,-2910.53034184351,NaN,NaN,NaN
1183,0.00311956812669624,-7.00504705886076,-3020.3762521937,NaN,NaN,NaN
1184,0.0031183035838711,-7.07767564801404,-3014.38969672448,NaN,NaN,NaN
1185,0.00311951397880604,-6.03836032147942,-4893.67641613541,NaN,NaN,NaN
1186,0.00309058949003062,-6.11098847674546,-4893.30707475723,NaN,NaN,NaN
1187,0.00306230027057214,-7.52084660471645,-5078.31931323308,NaN,NaN,NaN
1188,0.00295660727636059,-8.09072738448253,16062.7879627494,NaN,NaN,NaN
1189,0.00320248474683389,-8.09021022845319,8751.12693628926,NaN,NaN,NaN
1190,0.00320389436852856,-8.1628389433993,8736.06849305614,NaN,NaN,NaN
1191,0.0182572429937348,-5.59053445329883,11253.3385292081,NaN,NaN,NaN
1192,0.0181796903677547,-5.66316174024544,8174.0268178123,NaN,NaN,NaN
1193,0.0182014679431077,-5.7357908444389,11252.0726619014,NaN,NaN,NaN
1194,0.0183165494360624,-5.80841896377481,11243.0419340067,NaN,NaN,NaN
1195,0.0161822031975757,-5.88104770427881,11037.6267711511,NaN,NaN,NaN
1196,0.0161727439850485,-5.95367621157673,11036.1230304126,NaN,NaN,NaN
1197,0.0162657181098836,-6.02630492471478,10825.2117373502,NaN,NaN,NaN
1198,0.0162898630660024,-6.09893353619378,11036.4971532993,NaN,NaN,NaN
1199,0.0160423594638417,-6.17156241133699,11680.0260618446,NaN,NaN,NaN
1200,0.0160875383094068,-6.24419117805002,11249.8375099236,NaN,NaN,NaN
1201,0.0162188411563188,-6.31681998806238,11254.8883221041,NaN,NaN,NaN
1202,0.0163115072262846,-6.38944866429313,11254.265534327,NaN,NaN,NaN
1203,0.0162855419215091,-6.46207704257174,11237.6323713084,NaN,NaN,NaN
1204,0.0162645655374586,-6.53470527524376,11232.0124755176,NaN,NaN,NaN
1205,0.0162440102522986,-6.60733388103799,11243.7247966966,NaN,NaN,NaN
1206,0.0159338013846106,-6.67996281241594,11256.7798072172,NaN,NaN,NaN
1207,0.015940651525229,-6.75259115939552,11294.187655492,NaN,NaN,NaN
1208,0.0159136226174484,-6.82521970657212,11331.4455576615,NaN,NaN,NaN
1209,0.0129374635998089,-6.8978481341289,-43022.1508656356,NaN,NaN,NaN
1210,0.0129375434869994,-6.97047672167377,-43020.9596543488,NaN,NaN,NaN
1211,0.0129380236561203,-7.04310530504665,-43040.2060444603,NaN,NaN,NaN
1212,0.0129385626137611,-7.11573389586708,-43029.1172745004,NaN,NaN,NaN
1213,0.0129381072787149,-7.18836248325957,-43019.9220377758,NaN,NaN,NaN
1214,0.0129386585081062,-7.26099107077937,-43020.6658592094,NaN,NaN,NaN
1215,0.0129392071055212,-7.33361965721198,-43031.5680843853,NaN,NaN,NaN
1216,0.0129369657985308,-7.40624824107069,-43041.5329306091,NaN,NaN,NaN
1217,0.0168817040741679,-7.47887130360825,-16056.8707882227,NaN,NaN,NaN
1218,0.0168744830479229,-7.55149990118415,-16048.1445455143,NaN,NaN,NaN
1219,0.0168680734185723,-7.62412847989469,-16055.5841829134,NaN,NaN,NaN
1220,0.0168611381552152,-7.69675707032274,-16053.0340407133,NaN,NaN,NaN
1221,0.0168595276047844,-7.76938564802478,-16060.6606025257,NaN,NaN,NaN
1222,0.0168591497294218,-7.84201425453783,-16044.2812741516,NaN,NaN,NaN
1223,0.0159639653761031,-7.91137596967482,42789.7471805903,NaN,NaN,NaN
1224,0.0159643695065544,-7.98400455254316,42798.7790259271,NaN,NaN,NaN
1225,0.0145760592454771,-8.05994712471203,-76761.8310161609,NaN,NaN,NaN
1226,0.0145762744757633,-8.1325757531435,-76743.9056473741,NaN,NaN,NaN
1227,0.0145764184582264,-8.20520432814692,-76749.276287183,NaN,NaN,NaN
1228,0.0128055268441515,-8.48587205505808,-52249.2101850641,NaN,NaN,NaN
1229,0.0127899932717023,-8.55850053571431,-52302.0117185046,NaN,NaN,NaN
1230,0.0161423617156506,-8.42304762836674,4998.27890093836,NaN,NaN,NaN
1231,0.0161489561403155,-8.49567617885576,5005.01238006184,NaN,NaN,NaN
1232,0.0161556501811588,-8.56830477482085,5003.43518119539,NaN,NaN,NaN
1233,0.0161623442562379,-8.64093339525436,4997.38046324835,NaN,NaN,NaN
1234,0.0161639253770477,-8.71356195579436,5002.28723037086,NaN,NaN,NaN
1235,0.0137464650280636,-8.78623179519413,-68549.817298184,NaN,NaN,NaN
1236,0.013746806616718,-8.8588603738754,-68541.9873248528,NaN,NaN,NaN
1237,0.0137463395092889,-8.93148896025125,-68541.0909772654,NaN,NaN,NaN
1238,0.0163507009821776,-9.00407502656712,718.1337669551,NaN,NaN,NaN
1239,0.0163521009202746,-9.07670362158299,715.50058051639,NaN,NaN,NaN
1240,0.0163520898925186,-9.1493322138844,713.79656541185,NaN,NaN,NaN
1241,0.013059278673892,-9.22200333165495,-64935.8282304078,NaN,NaN,NaN
1242,0.0130584368082372,-9.29463190129396,-64927.9827908907,NaN,NaN,NaN
1243,0.0130589568515544,-9.36726052122223,-64942.9463425201,NaN,NaN,NaN
1244,0.0130587698359434,-9.43988908494966,-64931.8695550377,NaN,NaN,NaN
1245,0.0163524510384535,-9.51247586825628,-2000,NaN,NaN,NaN
1246,0.0163527392955351,-9.58510445554939,-2000,NaN,NaN,NaN
1247,0.01635252781133,-9.65773304286294,-2000,NaN,NaN,NaN
1248,0.0163532601784536,-9.73036163016285,-2000,NaN,NaN,NaN
1249,0.0163597697119762,-9.80299021747189,-2000,NaN,NaN,NaN
1250,0.016366450084014,-9.87561880481393,-2000,NaN,NaN,NaN
1251,0.0163728729162861,-9.94824739216786,-2000,NaN,NaN,NaN
1252,0.0163799591985128,-10.020875979491,-2000,NaN,NaN,NaN
1253,0.0163866381613263,-10.0935045668238,-2000,NaN,NaN,NaN
1254,0.0163933808497199,-10.1661331541379,-2000,NaN,NaN,NaN
1255,0.0164007301621947,-10.2387617414549,-2000,NaN,NaN,NaN
1256,0.0164074524837029,-10.311390328783,-2000,NaN,NaN,NaN
1257,0.0128189956843603,-10.5921023346871,-57725.0295795251,NaN,NaN,NaN
1258,0.0128246740271373,-10.6647309227872,-57724.6149572269,NaN,NaN,NaN
1259,0.0128247290721958,-10.7373595171909,-57721.3655334772,NaN,NaN,NaN
1260,0.0160178013974462,-10.6019063070627,11270.0918195336,NaN,NaN,NaN
1261,0.0160582628216342,-10.6712622829738,42798.1414882401,NaN,NaN,NaN
1262,0.016427644391139,-10.7471618700222,-2076.03862137492,NaN,NaN,NaN
1263,0.0143255851002274,-10.8198346292699,-73875.3517461339,NaN,NaN,NaN
1264,0.0143201670292994,-10.8924632130658,-73872.6369348896,NaN,NaN,NaN
1265,0.0143141564314096,-10.965091806217,-73877.3776614975,NaN,NaN,NaN
1266,0.0163778661676675,-11.0376762019279,-2000,NaN,NaN,NaN
1267,0.0163744342067487,-11.1103047892234,-2000,NaN,NaN,NaN
1268,0.0163743210416641,-11.1829333765237,-2000,NaN,NaN,NaN
1269,0.00269110554385205,-5.82748539119882,1700,NaN,NaN,NaN
1270,0.00286368494184083,-5.90011479354519,1700,NaN,NaN,NaN
1271,0.00299397619591419,-5.92668000481146,-1725,NaN,NaN,NaN
1272,0.00294448192824801,-6.04537203431546,1900,NaN,NaN,NaN
1273,0.00278803809832357,-6.11800138028051,1900,NaN,NaN,NaN
1274,0.0025887687314516,-6.16323851745875,-42767.3628944488,NaN,NaN,NaN
1275,0.00275925632420595,-6.2981343000764,-43550.247848387,NaN,NaN,NaN
1276,0.00285584808120905,-6.37076287265143,-43760.4632178592,NaN,NaN,NaN
1277,0.00292750379970961,-6.44103705273507,-42847.7110389026,NaN,NaN,NaN
1278,0.00239383582818262,-6.40716185227117,-43060.9944980389,NaN,NaN,NaN
1279,0.0022078635236059,-6.6205664727937,-42073.370461405,NaN,NaN,NaN
1280,0.00217436572984372,-6.57758805299379,-42934.733245954,NaN,NaN,NaN
1281,0.00234990182471233,-8.7451260851535,-40646.6291185246,NaN,NaN,NaN
1282,0.00235091429233086,-9.35876763572324,-40608.7165820515,NaN,NaN,NaN
1283,0.00227226353079872,-7.07571920387079,69163.3549374982,NaN,NaN,NaN
1284,0.00227143547292349,-7.14834770545113,69173.5157379315,NaN,NaN,NaN
1285,0.00225288799532489,-7.22097623941181,69179.6818583569,NaN,NaN,NaN
1286,0.00225324112071718,-7.29360485422096,69176.5208675628,NaN,NaN,NaN
1287,0.00225358403394886,-7.36623349714508,69170.0104528563,NaN,NaN,NaN
1288,0.00225338718342634,-7.43886216626225,69160.2371880702,NaN,NaN,NaN
1289,0.00225357369164469,-7.51149070793427,69165.7273959861,NaN,NaN,NaN
1290,0.00225352686933566,-7.58411931175476,69163.7487254571,NaN,NaN,NaN
1291,0.00225324630293324,-7.65674794373247,69158.372751345,NaN,NaN,NaN
1292,0.00233110308840868,-10.0850533325254,-40617.946861327,NaN,NaN,NaN
1293,0.00233147190854324,-10.1576821278018,-40607.0878311081,NaN,NaN,NaN
1294,0.0023307975242477,-9.68929771969721,-40647.3836353928,NaN,NaN,NaN
1295,0.00233116867230032,-10.3029393946604,-40602.3479604496,NaN,NaN,NaN
1296,0.00233059283025917,-10.3755678725871,-40607.978700443,NaN,NaN,NaN
1297,0.00232978553594312,-10.4481963943606,-40611.3886469734,NaN,NaN,NaN
1298,0.00232895720594309,-10.5208250726815,-40606.6589292827,NaN,NaN,NaN
1299,0.0023280496315746,-10.5934534747721,-40616.3061172507,NaN,NaN,NaN
1300,0.00238686723460112,-5.90695298182759,-42600.2345899575,NaN,NaN,NaN
1301,0.00243452218448342,-5.97958129038692,-42583.0060378235,NaN,NaN,NaN
1302,0.00252412339956089,-6.05221001774498,-42590.8591832793,NaN,NaN,NaN
1303,0.0024626888422342,-6.19184456379651,-39472.8520187343,NaN,NaN,NaN
1304,0.00248224945475957,-6.20922035277995,-38841.8394216345,NaN,NaN,NaN
1305,0.0023741606451048,-6.25494026244656,26934.7394015594,NaN,NaN,NaN
1306,0.00246355674871489,-6.41482830610046,28651.5168049189,NaN,NaN,NaN
1307,0.00247112350830445,-6.4045494037392,27442.8229604642,NaN,NaN,NaN
1308,0.0152184608914113,-5.55103380011566,29721.415651305,NaN,NaN,NaN
1309,0.0152908894110506,-5.62366249084055,29727.7637335674,NaN,NaN,NaN
1310,0.0151404872470316,-5.6962917759292,30129.9969971552,NaN,NaN,NaN
1311,0.0152704762617797,-5.76891960971444,29512.0989965312,NaN,NaN,NaN
1312,0.0151398076839518,-5.84154884107405,30349.018482295,NaN,NaN,NaN
1313,0.0151275854108728,-5.91417745692061,30764.2604481348,NaN,NaN,NaN
1314,0.0152455368760597,-5.98680593661042,30344.3073065307,NaN,NaN,NaN
1315,0.0101736295098364,-6.06095993456556,-44243.8603947795,NaN,NaN,NaN
1316,0.0135801224430067,-6.12892665863494,432.671616211105,NaN,NaN,NaN
1317,0.0135746471053349,-6.20155592010091,-16.036913537188,NaN,NaN,NaN
1318,0.0100410710015576,-6.48706438896841,-40162.7235676098,NaN,NaN,NaN
1319,0.0100282592586116,-6.35147477363282,-41310.0838978367,NaN,NaN,NaN
1320,0.0135236686961341,-6.41944138580593,-236.06406592602,NaN,NaN,NaN
1321,0.0131560367742977,-6.49207024606684,-231.70952860035,NaN,NaN,NaN
1322,0.0131841694466904,-6.56469883689678,-233.66469667793,NaN,NaN,NaN
1323,0.0131798291952084,-6.6373279395353,-3090.47357752017,NaN,NaN,NaN
1324,0.0129593151662601,-6.70995636929086,-3381.14161746108,NaN,NaN,NaN
1325,0.0129645785487687,-6.78258486870328,-124.56258133823,NaN,NaN,NaN
1326,0.0129796215190534,-6.85521345440201,-112.91133174507,NaN,NaN,NaN
1327,0.0130018228523833,-6.92784203818336,-93.2560918406798,NaN,NaN,NaN
1328,0.0130276364355364,-7.00047061977836,-68.0063848197501,NaN,NaN,NaN
1329,0.0130470768216302,-7.07309920089471,-44.0672514420801,NaN,NaN,NaN
1330,0.0130588619966798,-7.14572778332778,-25.9400988779601,NaN,NaN,NaN
1331,0.00982706669015695,-7.22301685119246,-44080.6003477726,NaN,NaN,NaN
1332,0.0153556378361642,-5.5735454525714,-43030.3515312662,NaN,NaN,NaN
1333,0.0153646752771842,-5.64617399372395,-43031.4046731987,NaN,NaN,NaN
1334,0.0152096426128747,-5.71880243866176,-43032.8552281416,NaN,NaN,NaN
1335,0.0152563601100337,-5.79143060509869,-46055.2803385502,NaN,NaN,NaN
1336,0.0153141053315449,-5.86405905835455,-46046.2725661323,NaN,NaN,NaN
1337,0.0153351437178147,-5.93668762724794,-46055.0764508579,NaN,NaN,NaN
1338,0.0152938817084031,-6.00931613344013,-45852.6033073234,NaN,NaN,NaN
1339,0.0155206116048567,-6.08194453829794,-45837.7660648041,NaN,NaN,NaN
1340,0.0155262185097375,-6.15457343096167,-45836.9385326464,NaN,NaN,NaN
1341,0.0156420672696803,-6.22720207339633,-45846.162700486,NaN,NaN,NaN
1342,0.0158511659739073,-6.29983057522371,-45842.0187054425,NaN,NaN,NaN
1343,0.0157217465454954,-6.37245917829357,-45841.992371042,NaN,NaN,NaN
1344,0.0156159723213622,-6.65588114526831,-43165.4864985423,NaN,NaN,NaN
1345,0.0154510629073266,-6.51771625395486,-41719.6987664084,NaN,NaN,NaN
1346,0.0154761436154468,-6.59034478099819,-41708.1786758221,NaN,NaN,NaN
1347,0.0153395316840077,-6.87376679782068,-43096.857881114,NaN,NaN,NaN
1348,0.0153398496191041,-6.9463954187801,-43082.8609044304,NaN,NaN,NaN
1349,0.0153385693277573,-7.01902402089048,-43077.2196744613,NaN,NaN,NaN
1350,0.014156646244832,-6.88105233592006,67691.356776199,NaN,NaN,NaN
1351,0.0141561730545349,-6.95368092562529,67689.237261591,NaN,NaN,NaN
1352,0.0141509504685604,-7.02715871390487,63255.2042284838,NaN,NaN,NaN
1353,0.0141511669962041,-7.09978730150631,63252.6280372937,NaN,NaN,NaN
1354,0.0165793112863932,-7.54549447938325,38384.9129615279,NaN,NaN,NaN
1355,0.0159438172630924,-7.99085483903777,-77449.3712019825,NaN,NaN,NaN
1356,0.016857459458581,-8.81030683624986,34101.3442632877,NaN,NaN,NaN
1357,0.0169827824262054,-9.25601040889577,2000,NaN,NaN,NaN
1358,0.0172352595995399,-10.0747810385188,764.535014269291,NaN,NaN,NaN
1359,0.0150739813980679,-10.516995224617,-25513.4632334125,NaN,NaN,NaN
1360,0.00409222080993863,-7.52973456367488,13066.5425593652,NaN,NaN,NaN
1361,0.00460570727434775,-8.16867379412502,4053.6096948601,NaN,NaN,NaN
1362,0.00441696682899304,-9.19614126683141,21519.461818326,NaN,NaN,NaN
1363,0.00423750548702876,-9.86164355029463,28064.3901654452,NaN,NaN,NaN
1364,0.0160165753599289,-6.08543550611846,47679.0069922068,NaN,NaN,NaN
1365,0.0160830221160316,-6.1580639003721,47462.0175284242,NaN,NaN,NaN
1366,0.0160158678047837,-6.97386728095691,374.03314608488,NaN,NaN,NaN
1367,0.0160361064603095,-7.04649586706958,381.12992738715,NaN,NaN,NaN
1368,0.0152045447205728,-7.86670243846771,-58711.6181729723,NaN,NaN,NaN
1369,0.017054818407929,-8.31235894642738,13985.0930653304,NaN,NaN,NaN
1370,0.0134359465392011,-9.31465416214082,-20080.1534780283,NaN,NaN,NaN
1371,0.0162149607924072,-9.94850431298739,381.968250532621,NaN,NaN,NaN
1372,0.0147242218634449,-10.955319789168,-36405.6298375728,NaN,NaN,NaN
1373,0.0162902201005291,-5.50579440711026,314.22305532597,NaN,NaN,NaN
1374,0.00299112760172539,-9.01143137135944,67952.9797143713,NaN,NaN,NaN
1375,0.00298614197280155,-9.45713041555958,67932.5032401737,NaN,NaN,NaN
1376,0.00340150421570618,-10.6210161340728,1452.23005269431,NaN,NaN,NaN
1377,0.00295584252217648,-7.28628570211081,21036.6375294544,NaN,NaN,NaN
1378,0.00304746174498093,-8.36839653877833,-59123.4065141814,NaN,NaN,NaN
1379,0.0030491035784028,-8.44102526235279,-59142.7367264471,NaN,NaN,NaN
1380,0.00288897084314138,-9.76980444030174,2745.54470037095,NaN,NaN,NaN
1381,0.00288876355791521,-9.84243304856327,2748.15946603988,NaN,NaN,NaN
1382,0.0195043288771005,-5.54568360810204,-2121.290337982,NaN,NaN,NaN
1383,0.0194845697654049,-5.6183122622462,-2124.40822802439,NaN,NaN,NaN
1384,0.0207041525964161,-6.80954100200187,25490.3814720111,NaN,NaN,NaN
1385,0.0211698997541801,-7.25620990999062,-76537.75413215,NaN,NaN,NaN
1386,0.0192410738268668,-8.07462266402886,-1175,NaN,NaN,NaN
1387,0.0202355993659509,-8.14802877756066,8303.0141362027,NaN,NaN,NaN
1388,0.0184756310501012,-8.96679983984443,2569.06359430859,NaN,NaN,NaN
1389,0.0184690565050839,-9.03942842696875,2568.34055209368,NaN,NaN,NaN
1390,0.020123341847071,-9.85777635374767,-76536.1541833892,NaN,NaN,NaN
1391,0.018743357394345,-9.93004680874498,-6394.93395996913,NaN,NaN,NaN
1392,0.0200347696025023,-10.7488136291894,-20677.9411673844,NaN,NaN,NaN
1393,0.0186958680468629,-11.1952956997649,2558.322128612,NaN,NaN,NaN
1394,0.0224870620907903,-5.96568891873255,-9234.1189037171,NaN,NaN,NaN
1395,0.0225021234504867,-6.03831713980901,-9230.4496820762,NaN,NaN,NaN
1396,0.0223021910089507,-6.85708732692324,-9800.4912493288,NaN,NaN,NaN
1397,0.0223138932713275,-6.92971591167893,-9811.26785553343,NaN,NaN,NaN
1398,0.0217392874355005,-7.75166582434629,-74512.2801351781,NaN,NaN,NaN
1399,0.0230170765377656,-8.56952280970267,-17384.572577414,NaN,NaN,NaN
1400,0.0240573249871152,-9.38176734601863,-48606.1862094693,NaN,NaN,NaN
1401,0.0244433133277277,-10.2005364893999,-46731.7813747945,NaN,NaN,NaN
1402,0.00426880504071313,-10.4406654492131,-46733.511866086,NaN,NaN,NaN
1403,0.0046609893274973,-7.66531718415453,-65247.3283535124,NaN,NaN,NaN
1404,0.00424141521608275,-8.47393806270326,67586.4433223543,NaN,NaN,NaN
1405,0.0106724663604222,-6.6535613374388,3826.23623562239,NaN,NaN,NaN
1406,0.00433927012058893,-9.36260291766351,-14697.7704980956,NaN,NaN,NaN
1407,0.00434166321362662,-9.43523156460116,-14710.3086879763,NaN,NaN,NaN
1408,0.0208530598405531,-6.49764697116902,-51231.1508460401,NaN,NaN,NaN
1409,0.020755823524644,-6.5702755675372,-51232.738066889,NaN,NaN,NaN
1410,0.023327546946092,-7.17899630612788,-80744.3342077458,NaN,NaN,NaN
1411,0.0233931083270118,-7.62469549319006,-80720.8202109016,NaN,NaN,NaN
1412,0.0234128536572142,-8.44220640598911,-8715.04748721576,NaN,NaN,NaN
1413,0.0211514289160169,-9.09921811598076,-27726.5607786265,NaN,NaN,NaN
1414,0.023179655092297,-9.70667388053166,-12579.2759246082,NaN,NaN,NaN
1415,0.0245538644516991,-10.5254485758857,2125.019726588,NaN,NaN,NaN
1416,0.00453500792195794,-10.3155242113468,58042.9625172959,NaN,NaN,NaN
1417,0.00380608845797121,-8.57357129644231,-28763.8483186751,NaN,NaN,NaN
1418,0.00403310685836526,-6.19037107830165,-28946.0953300803,NaN,NaN,NaN
1419,0.00380725785540501,-9.74341926710117,11115.9800687902,NaN,NaN,NaN
1420,0.00393403310152383,-10.5242648633451,-15481.0679146665,NaN,NaN,NaN
1421,0.00424536876984525,-5.75525127477927,7601.61929348232,NaN,NaN,NaN
1422,0.00434982215311434,-6.67055419414813,-805.4223927663,NaN,NaN,NaN
1423,0.00414492308919203,-7.86239498594104,-875,NaN,NaN,NaN
1424,0.0041665122488712,-9.05423532079141,-882.01342553656,NaN,NaN,NaN
1425,0.00399693919068942,-9.5493564765594,-78861.4763902902,NaN,NaN,NaN
1426,0.00396740508340557,-6.09087587359865,74529.7567380902,NaN,NaN,NaN
1427,0.00432148752279463,-5.91243871016196,-24646.4408706197,NaN,NaN,NaN
1428,0.0241916372638936,-6.42214364541379,22253.4031708473,NaN,NaN,NaN
1429,0.021615967223864,-6.86784225254953,13937.9288667329,NaN,NaN,NaN
1430,0.0249336154124705,-7.6906167415383,62210.4370083129,NaN,NaN,NaN
1431,0.020150520595965,-8.50507413760562,-67926.982431807,NaN,NaN,NaN
1432,0.0220314674536754,-5.80205778726486,-12600.058615593,NaN,NaN,NaN
1433,0.0201670356858468,-9.77312425916798,-10653.9458351029,NaN,NaN,NaN
1434,0.0200106067913456,-10.9649602682169,-18493.5604735028,NaN,NaN,NaN
1435,0.00403243429357891,-6.23948342057829,-21817.6933959623,NaN,NaN,NaN
1436,0.00372152751884303,-10.3549734476245,-55965.5426833949,NaN,NaN,NaN
1437,0.00372193938578176,-10.427602030406,-55967.6771317093,NaN,NaN,NaN
1438,0.00386192128120174,-6.02921579138707,-40297.6520845591,NaN,NaN,NaN
1439,0.00388485287237925,-7.20821482863648,44239.952642482,NaN,NaN,NaN
1440,0.00375345485865755,-7.86897477309337,-13953.0939793421,NaN,NaN,NaN
1441,0.00375858668134437,-8.31467383307178,-13949.5873101439,NaN,NaN,NaN
1442,0.00379438756073985,-9.24416694787094,-10160.3087150958,NaN,NaN,NaN
1443,0.00379004841609941,-9.31679553669842,-10173.7423679412,NaN,NaN,NaN
1444,0.00383570496390952,-9.97928272091779,-27181.9762705736,NaN,NaN,NaN
1445,0.00384027595656354,-10.0519113736892,-27177.4042209246,NaN,NaN,NaN
1446,0.00389072087802965,-5.73478194595958,-28962.407498928,NaN,NaN,NaN
1447,0.00393077162631063,-5.80741294062033,-28752.9422534468,NaN,NaN,NaN
1448,0.00441879956470595,-6.54811779920913,-14232.7428080544,NaN,NaN,NaN
1449,0.00449957380153185,-6.62074571687412,-14221.6162921338,NaN,NaN,NaN
1450,0.00415629225546417,-7.68547884617613,-17628.0982066719,NaN,NaN,NaN
1451,0.00415647040586468,-7.7581074134318,-17630.6553994884,NaN,NaN,NaN
1452,0.00429030519513851,-7.82734577114616,-10890.486980958,NaN,NaN,NaN
1453,0.0042900098365687,-7.89997435983106,-10890.9539262807,NaN,NaN,NaN
1454,0.00419107266038983,-8.75679468109557,-67620.6121209393,NaN,NaN,NaN
1455,0.00418631840269833,-8.82942327202599,-67631.7122336775,NaN,NaN,NaN
1456,0.00394666278421371,-7.37384974123063,41184.2792877624,NaN,NaN,NaN
1457,0.00472251439888066,-10.057447126762,45035.4449671223,NaN,NaN,NaN
1458,0.00405226905054825,-5.63803144074626,-357.915878907185,NaN,NaN,NaN
1459,0.0041309622307175,-6.31873217214857,-4813.05589487767,NaN,NaN,NaN
1460,0.0210690946138774,-6.98693053573106,-13190.9518640013,NaN,NaN,NaN
1461,0.0174176461154306,-7.43263718112351,-34006.5546693421,NaN,NaN,NaN
1462,0.0183955934637503,-8.2514019571918,-27885.8046099812,NaN,NaN,NaN
1463,0.0182858997886738,-8.9084971587655,-53355.4109256869,NaN,NaN,NaN
1464,0.0188003214180563,-9.51587109178015,-23572.0497191869,NaN,NaN,NaN
1465,0.0195738278065644,-9.9615692335091,-19293.827850906,NaN,NaN,NaN
1466,0.0215654589671088,-10.9904717137464,24435.9258349126,NaN,NaN,NaN
1467,0.0210293804037074,-5.72899362477664,27935.8679398403,NaN,NaN,NaN
1468,0.00429273311001446,-7.68391431571461,-522.403450216022,NaN,NaN,NaN
1469,0.00403146267019872,-8.56019793709467,-42283.0062841766,NaN,NaN,NaN
1470,0.00468101250777305,-6.82817581586323,-9389.1690337816,NaN,NaN,NaN
1471,0.00427768425310643,-8.11841796002372,-25470.5834768597,NaN,NaN,NaN
1472,0.00456401873231122,-8.53856075905356,41947.5971285928,NaN,NaN,NaN
1473,0.00449544919047355,-9.34496194215138,-14929.1539397083,NaN,NaN,NaN
1474,0.00412702921319704,-10.347220515595,-5922.67882324094,NaN,NaN,NaN
1475,0.00391690390768762,-5.97996849544963,-53158.3844099272,NaN,NaN,NaN
1476,0.0329179851027145,-6.08721701604103,2366.08702457577,NaN,NaN,NaN
1477,0.0284553361835965,-6.9059868482396,-26299.238136397,NaN,NaN,NaN
1478,0.0302693773762117,-8.47090024462472,52597.2631734684,NaN,NaN,NaN
1479,0.0304164119132348,-8.91659942181515,52589.4818308481,NaN,NaN,NaN
1480,0.0312449867706401,-10.4815097321663,42818.4665374069,NaN,NaN,NaN
1481,0.00400859828909931,-6.24026622198856,-10034.158666976,NaN,NaN,NaN
1482,0.00398412212817842,-7.42374589147433,13688.508296318,NaN,NaN,NaN
1483,0.00374777242125714,-8.30979407902247,-10722.9540915328,NaN,NaN,NaN
1484,0.00445002922143434,-6.79748015552134,76092.3074170708,NaN,NaN,NaN
1485,0.00435395181725239,-7.24317933230095,76090.8258564213,NaN,NaN,NaN
1486,0.00402712495912725,-6.09901424705057,-66962.2986769179,NaN,NaN,NaN
1487,0.00361508220520013,-7.56025121604603,4511.63753973551,NaN,NaN,NaN
1488,0.00390171923999974,-7.82224713231908,-145.33177798408,NaN,NaN,NaN
1489,0.00371151310766585,-5.56619628091644,-3768.36454515493,NaN,NaN,NaN
1490,0.00377212409097939,-6.43137357422049,32805.5779122579,NaN,NaN,NaN
1491,0.00349615609639237,-6.67307630457559,30865.3151632627,NaN,NaN,NaN
1492,0.00343767939634849,-7.50037799443181,38229.2778160456,NaN,NaN,NaN
1493,0.00342970885383234,-8.22083390292156,33097.3470371603,NaN,NaN,NaN
1494,0.00675155277272836,-6.26356373005636,71617.8256059817,NaN,NaN,NaN
1495,0.00858655514313876,-6.67716937040417,-29955.0881455001,NaN,NaN,NaN
1496,0.00813830276180126,-7.55084598913037,-16297.4190088795,NaN,NaN,NaN
1497,0.0101495968521217,-8.00882918884444,-68106.3671198448,NaN,NaN,NaN
1498,0.00922554621414591,-9.56398509623693,-11131.0900493038,NaN,NaN,NaN
1499,0.00711546851592206,-10.0026672249165,-78718.6114742596,NaN,NaN,NaN
1500,0.010236218029668,-6.02678263880697,3363.82037077084,NaN,NaN,NaN
1501,0.00893732815182756,-6.12157354247158,3201.16672151756,NaN,NaN,NaN
1502,0.00423381077946816,-6.6955470836671,434.28729959749,NaN,NaN,NaN
1503,0.00426955089592414,-7.14124604223508,506.28718846001,NaN,NaN,NaN
1504,0.00375454497357248,-6.12988803064166,-5761.88032686911,NaN,NaN,NaN
1505,0.00433317627233113,-7.01511064119032,-3271.59128846561,NaN,NaN,NaN
1506,0.00657700886795754,-6.95279532958603,18685.2766844719,NaN,NaN,NaN
1507,0.00702895525996389,-6.66022968371828,16670.7992445626,NaN,NaN,NaN
1508,0.00926824596317929,-8.85354237028574,-6235.46788912727,NaN,NaN,NaN
1509,0.00928621147770975,-9.2992415200024,-6249.17464216597,NaN,NaN,NaN
1510,0.00807212289567611,-9.93600598964099,69054.3923496847,NaN,NaN,NaN
1511,0.00743310914116695,-9.75125220819209,-21262.6765538268,NaN,NaN,NaN
1512,0.00746418813581836,-10.8357235454806,14148.5965150785,NaN,NaN,NaN
1513,0.00747561825842151,-10.908352145781,14144.1063820375,NaN,NaN,NaN
1514,0.00707674942627864,-5.72224011376866,-25636.4013643884,NaN,NaN,NaN
1515,0.00662706741161522,-8.1757670040635,-24217.9591054835,NaN,NaN,NaN
1516,0.00632016722165956,-9.66513281295538,-34283.543912179,NaN,NaN,NaN
1517,0.00632737118607503,-9.73776120832698,-34268.095664446,NaN,NaN,NaN
1518,0.00577535168639897,-9.94471740133009,53249.437571033,NaN,NaN,NaN
1519,0.00578699794950636,-10.0173456136157,53266.381187966,NaN,NaN,NaN
1520,0.00665363634349637,-5.83401819832442,-16043.9969783554,NaN,NaN,NaN
1521,0.00668493246576152,-6.05599767475211,-12656.3130461382,NaN,NaN,NaN
1522,0.00471737846644433,-6.044152301473,26959.3323271234,NaN,NaN,NaN
1523,0.00491611390355611,-6.11678153843941,26967.0052928899,NaN,NaN,NaN
1524,0.00422359208958234,-9.63778821108819,30689.153381348,NaN,NaN,NaN
1525,0.00422229660009296,-9.71041696804241,30700.8170319097,NaN,NaN,NaN
1526,0.00420303879282498,-8.79567581820943,-15571.2597094223,NaN,NaN,NaN
1527,0.00419875131261588,-8.86830478983445,-15554.0640913741,NaN,NaN,NaN
1528,0.00442164770180144,-6.2157106061425,-80042.1058291499,NaN,NaN,NaN
1529,0.0405448966253448,-5.77462174950256,-76998.6818600085,NaN,NaN,NaN
1530,0.034055306130583,-6.38204288958429,69418.0411660495,NaN,NaN,NaN
1531,0.034025862217605,-6.45467319035642,69559.7871830553,NaN,NaN,NaN
1532,0.0443868750799471,-7.27344195438425,-5127.66321665512,NaN,NaN,NaN
1533,0.0444254356693283,-7.34607053395571,-5146.3945218428,NaN,NaN,NaN
1534,0.0885282776517824,-8.16483827672529,19860.7777569878,NaN,NaN,NaN
1535,0.0885294167763959,-8.23746686409465,19861.146918001,NaN,NaN,NaN
1536,0.0473635779379338,-9.24129714426263,-3013.21561703593,NaN,NaN,NaN
1537,0.0473649833284353,-9.31392580290641,-2998.73497690519,NaN,NaN,NaN
1538,0.0478666733459098,-9.94763462043326,50679.0746522161,NaN,NaN,NaN
1539,0.0478214572102901,-10.0202631813486,50666.7757550761,NaN,NaN,NaN
1540,0.0484533727696957,-10.8390346983874,4100.07572939631,NaN,NaN,NaN
1541,0.0483943275398923,-10.9116633011679,4092.72948979567,NaN,NaN,NaN
1542,0.0199807686290192,-9.76915656137078,-58366.8504679489,NaN,NaN,NaN
1543,0.0199792705022176,-9.84178517922019,-58382.3551882152,NaN,NaN,NaN
1544,0.0218562222057438,-8.15844065317329,54018.3473200534,NaN,NaN,NaN
1545,0.0218559051227474,-8.23106924049171,54018.4808124278,NaN,NaN,NaN
1546,0.0172096524100377,-9.26114800359623,-9541.59936624312,NaN,NaN,NaN
1547,0.0172092438121719,-9.33377654337297,-9552.68251899068,NaN,NaN,NaN
1548,0.0171948692280427,-10.1525463976628,-9529.93978714862,NaN,NaN,NaN
1549,0.0175308086173913,-10.225172908999,-15141.1145576264,NaN,NaN,NaN
1550,0.017297777502341,-11.0439446994047,-9540.16323257032,NaN,NaN,NaN
1551,0.017310740945735,-11.1165732534002,-9547.9642330414,NaN,NaN,NaN
1552,0.00368507065321708,-9.77711832813837,-45577.6416695162,NaN,NaN,NaN
1553,0.00340878327295821,-10.0214847652246,54047.2647366189,NaN,NaN,NaN
1554,0.00360016654335018,-7.98487499251937,-2203.84323602334,NaN,NaN,NaN
1555,0.00363071027749693,-7.96885472699128,-2736.42168248217,NaN,NaN,NaN
1556,0.00378320178879229,-8.78453676459596,-8751.9201803114,NaN,NaN,NaN
1557,0.00378523608932459,-8.85716526747745,-8760.5779261,NaN,NaN,NaN
1558,0.00353058543150126,-9.53433402632087,4613.91530956888,NaN,NaN,NaN
1559,0.00353261641779823,-9.60696274943315,4622.32560436483,NaN,NaN,NaN
1560,0.003856732826377,-10.5318837699336,29933.9797065148,NaN,NaN,NaN
1561,0.00385753584191807,-10.6045124166032,29913.5378228937,NaN,NaN,NaN
1562,0.0038437037200648,-5.71545055413547,47222.54604893,NaN,NaN,NaN
1563,0.00352196442985561,-5.78807996018949,47421.3012957502,NaN,NaN,NaN
1564,0.00334024949631152,-8.71312264829507,66049.9475760843,NaN,NaN,NaN
1565,0.00334295528830803,-8.78575124785556,66051.5197367068,NaN,NaN,NaN
1566,0.00334965189095461,-9.61558238273519,-42717.4914094713,NaN,NaN,NaN
1567,0.00335003748671486,-9.68821091678697,-42722.4758552761,NaN,NaN,NaN
1568,0.00372034381307694,-10.3403821998377,-70374.9819543264,NaN,NaN,NaN
1569,0.0035619427577239,-5.91448114256187,24544.2600744309,NaN,NaN,NaN
1570,0.00394106640990145,-6.5606074271231,-41991.0027233034,NaN,NaN,NaN
1571,0.00386780707672317,-7.37611166650931,-38022.5030598323,NaN,NaN,NaN
1572,0.0039142750664966,-8.40288354276151,3933.37209850301,NaN,NaN,NaN
1573,0.00373338143734695,-7.6543066313663,-73448.6323039661,NaN,NaN,NaN
1574,0.00365610142114459,-9.57338842602221,-58435.6978907569,NaN,NaN,NaN
1575,0.0327579820122258,-6.07941957905553,-58705.2441516451,NaN,NaN,NaN
1576,0.0320469676718881,-7.2712138631235,-10736.6021157386,NaN,NaN,NaN
1577,0.0322388695439283,-7.71691303385775,-10740.730343955,NaN,NaN,NaN
1578,0.0344857329081688,-8.16261277121737,-4085.54184972723,NaN,NaN,NaN
1579,0.0345191811983354,-8.23524135705512,-4086.2688106126,NaN,NaN,NaN
1580,0.0345534441343606,-8.30786995862516,-4079.02015457865,NaN,NaN,NaN
1581,0.0345873987978616,-8.38049852114096,-4091.57006035719,NaN,NaN,NaN
1582,0.0346216092345732,-8.45312711488533,-4088.24819490225,NaN,NaN,NaN
1583,0.0346535123373985,-8.5257556936878,-4092.57555007504,NaN,NaN,NaN
1584,0.0346918887596388,-8.59838429849595,-4083.77822379456,NaN,NaN,NaN
1585,0.0347261818300733,-8.67101285585237,-4098.88097608939,NaN,NaN,NaN
1586,0.0407682753369283,-8.53232855666632,23218.03083101,NaN,NaN,NaN
1587,0.0407794893848658,-8.60495712120972,23227.3257344149,NaN,NaN,NaN
1588,0.0434476933111254,-8.67759480010359,71860.202672171,NaN,NaN,NaN
1589,0.0300737295197566,-8.96152663857185,-18531.2429012208,NaN,NaN,NaN
1590,0.0300780339123668,-9.03415522574732,-18531.1743651384,NaN,NaN,NaN
1591,0.0300815851652516,-9.10678379697616,-18525.5075218012,NaN,NaN,NaN
1592,0.0300853863621135,-9.17941243317804,-18542.5528172375,NaN,NaN,NaN
1593,0.030110564969283,-9.25204102170982,-18542.9806684513,NaN,NaN,NaN
1594,0.0301401252979123,-9.32466955315561,-18523.5409965204,NaN,NaN,NaN
1595,0.0301705452495412,-9.39729813651207,-18522.0598264872,NaN,NaN,NaN
1596,0.0302042234189658,-9.46992677300897,-18539.3400068348,NaN,NaN,NaN
1597,0.033889340569347,-9.54260143663132,-59035.2594164891,NaN,NaN,NaN
1598,0.0339236070222674,-9.61523005758466,-59047.0267567234,NaN,NaN,NaN
1599,0.0339568731560976,-9.68785862826365,-59041.1930072445,NaN,NaN,NaN
1600,0.0339895737704402,-9.76048721685966,-59041.647321788,NaN,NaN,NaN
1601,0.0340222058751494,-9.83311582695627,-59049.6066651289,NaN,NaN,NaN
1602,0.0340566788284645,-9.90574441382599,-59049.4418874442,NaN,NaN,NaN
1603,0.0340912097514725,-9.97837299114369,-59045.9517855326,NaN,NaN,NaN
1604,0.034126146248125,-10.0510015647718,-59041.1552536374,NaN,NaN,NaN
1605,0.0348239969669619,-10.1235845990766,-1.24567238509007,NaN,NaN,NaN
1606,0.0348583064433447,-10.1962131813644,-13.4067061979999,NaN,NaN,NaN
1607,0.0348661840772884,-10.2688417698445,-10.45870947342,NaN,NaN,NaN
1608,0.0352993239141393,-10.3414703729431,-4094.57652556106,NaN,NaN,NaN
1609,0.0353035097955602,-10.4140989460524,-4101.70572692439,NaN,NaN,NaN
1610,0.0315992002874096,-10.4867270126133,-16230.2094953987,NaN,NaN,NaN
1611,0.0316324987955655,-10.5593555541352,-16244.1742356759,NaN,NaN,NaN
1612,0.0316636648421289,-10.6319841479429,-16242.1343167061,NaN,NaN,NaN
1613,0.0317003263295984,-10.7046127453265,-16239.0158150763,NaN,NaN,NaN
1614,0.0317332495912679,-10.7772413219308,-16242.2865227238,NaN,NaN,NaN
1615,0.0317673063655502,-10.8498699248796,-16237.4886442338,NaN,NaN,NaN
1616,0.0317992644741853,-10.9224984978244,-16241.9351988995,NaN,NaN,NaN
1617,0.0337555290399924,-10.9951277831872,-7408.06103827806,NaN,NaN,NaN
1618,0.0338147259803372,-11.0677564646899,-7390.36409065687,NaN,NaN,NaN
1619,0.0338506568306418,-11.1403850505853,-7390.62906846635,NaN,NaN,NaN
1620,0.0355499894918758,-5.50583530255966,4335.82225757204,NaN,NaN,NaN
1621,0.0357295379259497,-5.57846417111019,4325.32512478255,NaN,NaN,NaN
1622,0.0357535949479944,-5.6510928273891,4321.37289856615,NaN,NaN,NaN
1623,0.0356257430688668,-5.72372100398085,4333.59173236907,NaN,NaN,NaN
1624,0.00427425217920149,-10.4853362075564,3214.5068948897,NaN,NaN,NaN
1625,0.00435113886864577,-10.9063109199489,-6995.36792680531,NaN,NaN,NaN
1626,0.00461922543598912,-10.4042193718214,71248.941532994,NaN,NaN,NaN
1627,0.0046208843062465,-10.4768478936231,71254.3633648572,NaN,NaN,NaN
1628,0.00462059850484783,-10.5494763231549,71266.8932663526,NaN,NaN,NaN
1629,0.00462214662348735,-10.6221049699806,71262.2251174149,NaN,NaN,NaN
1630,0.00462581810010435,-10.6947337030758,71250.4385982393,NaN,NaN,NaN
1631,0.00470882103863937,-10.6641295760375,30696.0998964267,NaN,NaN,NaN
1632,0.00471443056120604,-10.7367581624543,30698.9085990283,NaN,NaN,NaN
1633,0.00471986088258109,-10.8093867466655,30702.2384867973,NaN,NaN,NaN
1634,0.00445692158736362,-5.57903544704172,956.092924129312,NaN,NaN,NaN
1635,0.00450561852981443,-5.55891574298819,202.362563546185,NaN,NaN,NaN
1636,0.00460498456982294,-5.63154451170847,212.024548854258,NaN,NaN,NaN
1637,0.00500145192272873,-5.70417663714494,352.268782387892,NaN,NaN,NaN
1638,0.0045431478242872,-5.74758571653769,821.709799764704,NaN,NaN,NaN
1639,0.00467882590900286,-6.5659238413787,2112.96446226546,NaN,NaN,NaN
1640,0.00483923592198564,-5.78133105609871,320.38086432817,NaN,NaN,NaN
1641,0.00456657509728234,-6.54906919032565,1008.18750958091,NaN,NaN,NaN
1642,0.00463558139097453,-6.62169741808077,1012.58238437949,NaN,NaN,NaN
1643,0.00439127103319036,-6.07506802674085,968.927856676512,NaN,NaN,NaN
1644,0.00433918788039837,-6.19773268606576,-450.388159042975,NaN,NaN,NaN
1645,0.00439637925475175,-6.27035763453369,-678.714580295569,NaN,NaN,NaN
1646,0.00430400698762075,-6.98801805084372,-637.208253064487,NaN,NaN,NaN
1647,0.00430866280816607,-6.15849468856009,23988.5203158738,NaN,NaN,NaN
1648,0.00410656099921491,-6.30858083545578,-6108.08139738538,NaN,NaN,NaN
1649,0.00429204636729297,-9.77777091891147,56627.3323833313,NaN,NaN,NaN
1650,0.00463382437830143,-6.23609625155184,54972.0186680379,NaN,NaN,NaN
1651,0.00442960234373411,-6.3087267233919,54757.1860123676,NaN,NaN,NaN
1652,0.00419138444887315,-9.99565793329995,56523.3448563371,NaN,NaN,NaN
1653,0.00407668552110286,-10.0682871353946,56475.0672850575,NaN,NaN,NaN
1654,0.00458323743858897,-10.0680718736745,-9676.17588397022,NaN,NaN,NaN
1655,0.00459015361991808,-10.1407005400667,-9685.23548123555,NaN,NaN,NaN
1656,0.00459489015951121,-10.213329114191,-9683.80168199914,NaN,NaN,NaN
1657,0.00460004324761593,-10.2859578102832,-9696.12154365478,NaN,NaN,NaN
1658,0.0046063507980701,-10.358586332971,-9688.67670917521,NaN,NaN,NaN
1659,0.00460704731576953,-10.4312148987016,-9686.20082388877,NaN,NaN,NaN
1660,0.00460767048674692,-10.5038434810514,-9685.65636793517,NaN,NaN,NaN
1661,0.0042040598893438,-10.3629868905996,-7143.54002141117,NaN,NaN,NaN
1662,0.00420485884721912,-10.4356154626017,-7144.46771367173,NaN,NaN,NaN
1663,0.00420542510955239,-10.5082439560052,-7150.11105602469,NaN,NaN,NaN
1664,0.00436145965035026,-6.64586118963635,-14564.2519988646,NaN,NaN,NaN
1665,0.00429118835726393,-8.58454041967047,-16180.9055368055,NaN,NaN,NaN
1666,0.00429134237108359,-8.65716900530441,-16174.0858773146,NaN,NaN,NaN
1667,0.00429246756387066,-8.72979759375622,-16178.8864938755,NaN,NaN,NaN
1668,0.00408451342891357,-10.9478892566299,-18327.9072064026,NaN,NaN,NaN
1669,0.004086570115473,-11.0205177980172,-18318.8647490541,NaN,NaN,NaN
1670,0.00408624558912378,-11.0931463168867,-18305.2241447427,NaN,NaN,NaN
1671,0.00432075851545477,-5.58016456947623,-20283.1402252255,NaN,NaN,NaN
1672,0.00434192036741179,-5.53122433557673,-18306.7503622452,NaN,NaN,NaN
1673,0.00431518357503219,-5.60385199717618,-18315.5259206398,NaN,NaN,NaN
1674,0.00439480008340407,-9.02161845161954,-650,NaN,NaN,NaN
1675,0.00444889103508694,-6.03679330027126,1400,NaN,NaN,NaN
1676,0.00438057050282784,-5.99525295941198,14645.5052843429,NaN,NaN,NaN
1677,0.00429744630386154,-5.88809662448309,14791.099367276,NaN,NaN,NaN
1678,0.00439486047496645,-9.41358619292723,-32400.6879075091,NaN,NaN,NaN
1679,0.00457686064857688,-6.04654870578366,-31568.6603730578,NaN,NaN,NaN
1680,0.00423374443924159,-6.03548926910148,13359.4934507712,NaN,NaN,NaN
1681,0.00457364295961054,-6.32600134209167,11713.2227648141,NaN,NaN,NaN
1682,0.00484015149328216,-6.26443592637898,-31569.8656420225,NaN,NaN,NaN
1683,0.00442146577373021,-9.77672915374094,-32403.89772378,NaN,NaN,NaN
1684,0.00480526543320168,-6.48954804066374,-31540.3659623349,NaN,NaN,NaN
1685,0.00445423504648074,-9.82053291135337,-650,NaN,NaN,NaN
1686,0.00445953091208058,-9.89316149712206,-650,NaN,NaN,NaN
1687,0.00446474652665002,-9.96579008368062,-650,NaN,NaN,NaN
1688,0.00446956656042959,-10.0384186714977,-650,NaN,NaN,NaN
1689,0.00447023752960563,-10.111047258658,-650,NaN,NaN,NaN
1690,0.0044708995477914,-10.1836758453344,-650,NaN,NaN,NaN
1691,0.00447150287692024,-10.2563044318919,-650,NaN,NaN,NaN
1692,0.00447213196072597,-10.3289330185636,-650,NaN,NaN,NaN
1693,0.00447288858764755,-10.4015616053707,-650,NaN,NaN,NaN
1694,0.00447368896645076,-10.4741901928272,-650,NaN,NaN,NaN
1695,0.00447438638724422,-10.5468187795719,-650,NaN,NaN,NaN
1696,0.00447509297055787,-10.6194473667436,-650,NaN,NaN,NaN
1697,0.00447464946419204,-10.6920759244303,-658.536291279777,NaN,NaN,NaN
1698,0.00447650200698981,-10.7647045522227,-647.06737009224,NaN,NaN,NaN
1699,0.00447615549610856,-10.8373331010739,-657.691415743212,NaN,NaN,NaN
1700,0.00447672273981448,-10.9099617540115,-639.998753418067,NaN,NaN,NaN
1701,0.00447726372845853,-10.9825903428122,-639.517864685758,NaN,NaN,NaN
1702,0.0046619914474713,-5.67704477227067,278.957735808403,NaN,NaN,NaN
1703,0.00456735210927875,-5.61290671288342,-13553.7262217289,NaN,NaN,NaN
1704,0.0048496104357171,-6.00026051199927,-13586.9581081358,NaN,NaN,NaN
1705,0.00465318910619095,-6.3822998129603,-13426.2389805986,NaN,NaN,NaN
